module,mod,command,cmd,request,response,handler,legacy,coverage,test_case,evidence
MsgAccount,10,CREATE,1,"{account:string, channel:int, device:string, idfa:string, invite:string, key:string, name:string, origin:string, purchaseCode:string, select:int, timestamp:int}","{code:int, content:int}",server.py:92,LocalServer_logic.lua:609,服务端已实现,,
MsgAccount,10,LOGIN,2,"{account:string, adult:bool, appId:string, channel:int, device:com.eyu.mt.module.account.model.DeviceType, idfa:string, key:string, origin:string, timestamp:int, token:string}","{code:int, content:string}",server.py:107,LocalServer_logic.lua:608,服务端已实现,,
MsgAccount,10,RELOGIN,3,"{account:string, key:string, timestamp:int}","{code:int, content:int}",handlers/account_misc.py:18,,服务端已实现,,
MsgAccount,10,CHECK_ACCOUNT,4,"{account:string, key:string, timestamp:int}","{code:int, content:bool}",server.py:85,LocalServer_logic.lua:607,服务端已实现,,
MsgAccount,10,CHECK_FATIGUE_STATE,5,{},{},handlers/account_misc.py:23,,服务端已实现,,
MsgAccount,10,UPDATE_INCOME_RATE,6,{},{},handlers/account_misc.py:28,,服务端已实现,,
MsgAccount,10,LOGIN_INFO,7,{},"{code:int, content:com.eyu.mt.module.account.model.LoginInfoVo}",server.py:114,LocalServer_logic.lua:618,服务端已实现,,
MsgAccount,10,RENAME,8,{name:string},"{code:int, content:int}",handlers/account_misc.py:33,,服务端已实现,,
MsgAccount,10,LOGIN_COMPLETE,9,{},"{code:int, content:int}",server.py:216,LocalServer_logic.lua:615,服务端已实现,,
MsgAccount,10,UPDATE_PUSH,10,{push:bool},"{code:int, content:int}",handlers/account_misc.py:46,,服务端已实现,,
MsgAccount,10,PUSH_STATE,11,{},"{code:int, content:bool}",handlers/account_misc.py:53,,服务端已实现,,
MsgActivitycharge,90,LOAD_INFO,1,{},"{code:int, content:com.eyu.mt.module.activitycharge.model.ActivitychargeVo}",handlers/charge.py:74,,服务端已实现,,
MsgActivitycharge,90,DRAW,2,{id:int},"{code:int, content:array(com.eyu.mt.module.reward.model.RewardResult)}",handlers/charge.py:80,,服务端已实现,,
MsgArena,24,MATCH_LIST,1,{},"{code:int, content:com.eyu.mt.module.arena.model.MatchPlayerListVO}",handlers/arena.py:105,,服务端已实现,,
MsgArena,24,DEFY_MATCH,2,"{embattle:array(array(array(long))), id:long}","{code:int, content:com.eyu.mt.module.arena.model.DefyResultVO}",handlers/arena.py:120,,服务端已实现,,
MsgArena,24,MANUAL_REFRESH_LIST,3,{},"{code:int, content:com.eyu.mt.module.arena.model.MatchPlayerListVO}",handlers/arena.py:110,,服务端已实现,,
MsgArena,24,INTEGRAL_EXCHANGE,4,{id:int},"{code:int, content:com.eyu.mt.module.arena.model.ExchangeVO}",handlers/arena.py:152,,服务端已实现,,
MsgArena,24,LINEUP_COMPARE,5,{id:long},"{code:int, content:com.eyu.mt.module.arena.model.LineupCompareVO}",handlers/arena.py:187,,服务端已实现,,
MsgArena,24,CLEAR_COOL_TIME,6,{},"{code:int, content:array(com.eyu.mt.module.cost.model.CostResult)}",handlers/arena.py:194,,服务端已实现,,
MsgArena,24,GET_RANK_LIST,7,{},"{code:int, content:array(com.eyu.mt.module.arena.model.IntegralRankVO)}",handlers/arena.py:206,,服务端已实现,,
MsgArena,24,BUY_DEFY_TIMES,8,{num:int},"{code:int, content:com.eyu.mt.module.arena.model.BuyTimesVO}",handlers/arena.py:216,,服务端已实现,,
MsgArtifact,45,ENTER,1,{},"{code:int, content:com.eyu.mt.module.artifact.model.BeeEffGeeVo}",handlers/artifact.py:83,,服务端已实现,,
MsgArtifact,45,INJECT_SOULSTONE,2,{},{},handlers/artifact.py:127,,服务端已实现,,
MsgArtifact,45,BUY_INJECT_SOULSTONE,3,{},{},handlers/artifact.py:133,,服务端已实现,,
MsgArtifact,45,BUY_SOULSTONE,4,{id:int},"{code:int, content:com.eyu.mt.module.artifact.model.BuySoulstoneVo}",handlers/artifact.py:139,,服务端已实现,,
MsgArtifact,45,GET_RANK_LIST,5,{},"{code:int, content:array(com.eyu.mt.module.artifact.model.RankVo)}",handlers/artifact.py:183,,服务端已实现,,
MsgArtifact,45,INJECT_SOUL_ONCE,6,{autoBuy:bool},"{code:int, content:com.eyu.mt.module.artifact.model.InjectSoulstoneVo}",handlers/artifact.py:88,,服务端已实现,,
MsgArtifact,45,INJECT_SOUL_REPEATEDLY,7,{autoBuy:bool},"{code:int, content:com.eyu.mt.module.artifact.model.InjectSoulRepeatedlyVo}",handlers/artifact.py:98,,服务端已实现,,
MsgArtifact,45,SOUL_STONE_EXCHANGE,8,{id:int},"{code:int, content:com.eyu.mt.module.artifact.model.SoulstoneExchangeVo}",handlers/artifact.py:173,,服务端已实现,,
MsgArtifact,45,SOUL_STONE_EXCHANGE_BY_TYPE,9,"{count:int, id:int}","{code:int, content:com.eyu.mt.module.artifact.model.SoulstoneExchangeVo}",handlers/artifact.py:178,,服务端已实现,,
MsgBattle,22,PROGRESS,1,{},"{code:int, content:com.eyu.mt.module.battle.model.ProgressVo}",handlers/battle.py:305,LocalServer_logic.lua:695,服务端已实现,,
MsgBattle,22,ENTER,2,"{battleId:string, embattle:array(array(long)), friend:long}","{code:int, content:com.eyu.mt.module.battle.model.EnterVo}",handlers/battle.py:184,,服务端已实现,,
MsgBattle,22,RESUME,3,{},"{code:int, content:com.eyu.mt.module.battle.model.ResumeVo}",handlers/battle.py:218,,服务端已实现,,
MsgBattle,22,TRIGGER,4,{},"{code:int, content:com.eyu.mt.module.battle.model.TriggerVo}",handlers/battle.py:197,,服务端已实现,,
MsgBattle,22,EXIT,5,{},"{code:int, content:com.eyu.mt.module.battle.model.ExitVo}",handlers/battle.py:274,LocalServer_logic.lua:740,服务端已实现,,
MsgBattle,22,ACTIVES,6,{},"{code:int, content:com.eyu.mt.module.battle.model.ActiveVo}",handlers/battle.py:317,,服务端已实现,,
MsgBattle,22,DAILYCOUNT,7,{},"{code:int, content:map(string, int)}",handlers/battle.py:312,LocalServer_logic.lua:696,服务端已实现,,
MsgBattle,22,QUICK_BATTLE,8,"{battleId:string, embattle:array(array(long)), friend:long, requestId:string}","{code:int, content:com.eyu.mt.module.battle.model.QuickVo}",handlers/battle.py:290,,服务端已实现,,
MsgBattle,22,MULTI_ACTION,9,"{battleId:string, embattle:array(array(long)), friend:long}","{code:int, content:array(com.eyu.mt.module.battle.model.TriggerVo)}",handlers/battle.py:173,LocalServer_logic.lua:699,服务端已实现,,
MsgBattle,22,QUICK_ADVANCE,10,"{battleId:string, friend:long, requestId:string}","{code:int, content:com.eyu.mt.module.battle.model.QuickVo}",handlers/battle.py:296,,服务端已实现,,
MsgBattle,22,FIRST_RECORD,11,{battleId:string},"{code:int, content:array(com.eyu.mt.module.rebirth.model.RecordItem)}",handlers/battle.py:331,,服务端已实现,,
MsgBattle,22,BEST_RECORD,12,{battleId:string},"{code:int, content:array(com.eyu.mt.module.rebirth.model.RecordItem)}",handlers/battle.py:336,,服务端已实现,,
MsgBlessing,69,INFO,1,{},"{code:int, content:com.eyu.mt.module.blessing.model.BlessingVo}",handlers/activity.py:605,,服务端已实现,,
MsgBlessing,69,LOTTERY,2,{},"{code:int, content:com.eyu.mt.module.blessing.model.LotteryVo}",handlers/activity.py:612,,服务端已实现,,
MsgBox,54,OPEN_BOX_BY_KEY,1,{boxId:int},"{code:int, content:com.eyu.mt.module.box.model.OpenBoxByKeyVo}",handlers/activity.py:241,,服务端已实现,,
MsgBox,54,OPEN_BOX_BY_CURRENCY,2,{boxId:int},"{code:int, content:com.eyu.mt.module.box.model.OpenBoxByCostVo}",handlers/activity.py:252,,服务端已实现,,
MsgBox,54,LOAD_BOX_INFO,3,{},"{code:int, content:com.eyu.mt.module.box.model.BoxVo}",handlers/activity.py:221,,服务端已实现,,
MsgChargerank,59,GET_INFO,1,{},"{code:int, content:com.eyu.mt.module.chargerank.model.UserChargeVo}",handlers/activity.py:308,,服务端已实现,,
MsgChargerank,59,DRAW_SCORE_REWARD,2,[int],"{code:int, content:array(com.eyu.mt.module.reward.model.RewardResult)}",handlers/activity.py:313,,服务端已实现,,
MsgChargereturn,83,LOAD_CHARGERETURN,1,{},"{code:int, content:com.eyu.mt.module.chargereturn.model.ChargereturnVo}",handlers/charge.py:105,,服务端已实现,,
MsgChargereturn,83,DRAW_REWARD,2,{ids:array(string)},"{code:int, content:array(com.eyu.mt.module.reward.model.RewardResult)}",handlers/charge.py:111,,服务端已实现,,
MsgChat,15,GET_POSTS,1,{time:date},"{code:int, content:array(com.eyu.mt.module.chat.model.PostVo)}",handlers/social.py:209,,服务端已实现,,
MsgCheapbuy,64,INFO,1,{mallId:int},"{code:int, content:com.eyu.mt.module.cheapbuy.model.InfoVo}",handlers/activity.py:482,,服务端已实现,,
MsgCheapbuy,64,BUY,2,{id:int},"{code:int, content:com.eyu.mt.module.cheapbuy.model.BuyVo}",handlers/activity.py:489,,服务端已实现,,
MsgConsumerank,55,GET_INFO,1,{},"{code:int, content:com.eyu.mt.module.consumerank.model.UserConsumeVo}",handlers/activity.py:289,,服务端已实现,,
MsgConsumerank,55,DRAW_SCORE_REWARD,2,[int],"{code:int, content:array(com.eyu.mt.module.reward.model.RewardResult)}",handlers/activity.py:294,,服务端已实现,,
MsgCultivate,76,LOAD_INFO,1,{},"{code:int, content:com.eyu.mt.module.cultivate.model.CultivateVo}",handlers/late.py:31,,服务端已实现,,
MsgCultivate,76,COMPOUND_ELIXIR,2,{id:int},"{code:int, content:com.eyu.mt.module.cultivate.model.CompoundElixirVo}",handlers/late.py:37,,服务端已实现,,
MsgCultivate,76,SWALLOW_ELIXIR,3,"{elixirId:int, heroId:long, position:int}","{code:int, content:map(int, int)}",handlers/late.py:55,,服务端已实现,,
MsgCultivate,76,RE_CULTIVATE,4,"{cost:bool, heroId:long}","{code:int, content:com.eyu.mt.module.cultivate.model.ReCultivateVo}",handlers/late.py:69,,服务端已实现,,
MsgCultivate,76,HERO_CROSSING,5,"{embattle:array(array(string)), heroId:long}","{code:int, content:com.eyu.mt.module.cultivate.model.CrossingVo}",handlers/late.py:85,,服务端已实现,,
MsgCultivateshop,81,GET_INFO,1,[int],"{code:int, content:com.eyu.mt.module.cultivateshop.model.CultivateShopVo}",handlers/shops.py:270,,服务端已实现,,
MsgCultivateshop,81,COST_REFRESH,2,[int],"{code:int, content:com.eyu.mt.module.cultivateshop.model.ShopCostRefreshVo}",handlers/shops.py:278,,服务端已实现,,
MsgCultivateshop,81,SHOP_EXCHANGE,3,"{floor:int, itemId:int, position:int}","{code:int, content:com.eyu.mt.module.cultivateshop.model.ItemExchangeVo}",handlers/shops.py:291,,服务端已实现,,
MsgDemog,26,ACTIVE_INFO,1,{},"{code:int, content:com.eyu.mt.module.demog.model.DemogActiveInfoVO}",handlers/demog.py:101,,服务端已实现,,
MsgDemog,26,DEMOG_LIST,2,{},"{code:int, content:com.eyu.mt.module.demog.model.DemogListVO}",handlers/demog.py:111,,服务端已实现,,
MsgDemog,26,ATTACK_DEMOG,3,"{allOut:bool, demogId:long, embattle:array(array(array(long))), summoner:long}","{code:int, content:com.eyu.mt.module.demog.model.AttackVO}",handlers/demog.py:134,,服务端已实现,,
MsgDemog,26,TOTAL_DAMAGE_RANK,4,"{demogId:long, summoner:long}","{code:int, content:array(com.eyu.mt.module.demog.model.TotalDamageRankVo)}",handlers/demog.py:195,,服务端已实现,,
MsgDemog,26,INVITE_FRIEND_ATTACK,5,{demogId:long},"{code:int, content:long}",handlers/demog.py:218,,服务端已实现,,
MsgDemog,26,MAX_DAMAGE_RANK,6,{},"{code:int, content:array(com.eyu.mt.module.demog.model.RankVO)}",handlers/demog.py:244,,服务端已实现,,
MsgDemog,26,FEAT_RANK,7,{},"{code:int, content:array(com.eyu.mt.module.demog.model.RankVO)}",handlers/demog.py:249,,服务端已实现,,
MsgDemog,26,BUY_ENERGY,8,{type:int},"{code:int, content:com.eyu.mt.module.cost.model.CostAndReward}",handlers/demog.py:275,,服务端已实现,,
MsgDemog,26,RANK_GROUP_INFO,9,{owner:long},"{code:int, content:com.eyu.mt.module.hero.model.RankGroupInfoVo}",handlers/demog.py:348,,服务端已实现,,
MsgDemog,26,DRAW_FEAT_REWARD,10,{ids:array(int)},"{code:int, content:array(com.eyu.mt.module.reward.model.RewardResult)}",handlers/demog.py:289,,服务端已实现,,
MsgDemog,26,FRAGMENT_EXCHANGE,11,{id:int},"{code:int, content:com.eyu.mt.module.demog.model.ExchangeVO}",handlers/demog.py:306,,服务端已实现,,
MsgDemog,26,GET_ACTIVE_ID,12,{},"{code:int, content:string}",handlers/demog.py:96,,服务端已实现,,
MsgDemog,26,DRAW_KILLED_DEMOG_REWARD,13,{demogId:long},"{code:int, content:com.eyu.mt.module.demog.model.DemogKilledRewardVO}",handlers/demog.py:202,,服务端已实现,,
MsgDemog,26,REFRESH_DEMOG,14,{},"{code:int, content:com.eyu.mt.module.demog.model.DemogAppearVO}",handlers/demog.py:121,,服务端已实现,,
MsgDemog,26,ALL_RANK,15,{},"{code:int, content:com.eyu.mt.module.demog.model.AllRankVO}",handlers/demog.py:254,,服务端已实现,,
MsgDemog,26,PRAISE_RANK,16,{id:long},"{code:int, content:com.eyu.mt.module.demog.model.PraiseRankVO}",handlers/demog.py:262,,服务端已实现,,
MsgDemog,26,RED_CARD_COMPOSE,17,{id:int},"{code:int, content:com.eyu.mt.module.cost.model.CostAndReward}",handlers/demog.py:330,,服务端已实现,,
MsgDeposit,31,GET_DEPOSIT_INFO,1,{},"{code:int, content:com.eyu.mt.module.deposit.model.DepositVO}",handlers/charge.py:169,,服务端已实现,,
MsgDeposit,31,DEPOSIT,2,{id:int},"{code:int, content:com.eyu.mt.module.deposit.model.DepositResultVO}",handlers/charge.py:187,,服务端已实现,,
MsgDeposit,31,WITHDRAW,3,{},"{code:int, content:com.eyu.mt.module.deposit.model.WithdrawVO}",handlers/charge.py:203,,服务端已实现,,
MsgDumpling,50,COOK_COOLTIME,1,{},"{code:int, content:com.eyu.mt.module.dumpling.model.CookCoolTimeVo}",handlers/activity.py:82,,服务端已实现,,
MsgDumpling,50,DUMPLING_STATE,2,{},{},handlers/activity.py:88,,服务端已实现,,
MsgDumpling,50,COOK,3,{dumpling:long},"{code:int, content:com.eyu.mt.module.dumpling.model.CookVo}",handlers/activity.py:93,,服务端已实现,,
MsgDumpling,50,GET_COOK_REWARD,4,{},"{code:int, content:array(com.eyu.mt.module.reward.model.RewardResult)}",handlers/activity.py:107,,服务端已实现,,
MsgDumpling,50,CLEAR_COOL_TIME,5,{},"{code:int, content:array(com.eyu.mt.module.cost.model.CostResult)}",handlers/activity.py:121,,服务端已实现,,
MsgEgg,52,LOAD_EGG_INFO,1,{},"{code:int, content:com.eyu.mt.module.egg.model.EggVo}",handlers/activity.py:188,,服务端已实现,,
MsgEgg,52,SMASH,2,{smashId:int},"{code:int, content:com.eyu.mt.module.egg.model.SmashVo}",handlers/activity.py:193,,服务端已实现,,
MsgElite,61,PROGRESS,1,{},"{code:int, content:com.eyu.mt.module.elite.model.EliteProgressVo}",handlers/elite.py:53,,服务端已实现,,
MsgElite,61,MULTI_ACTION,2,"{battleId:string, embattle:array(array(array(long))), quick:bool}","{code:int, content:com.eyu.mt.module.elite.model.EliteAttackVo}",handlers/elite.py:133,,服务端已实现,,
MsgElite,61,BUY_TIMES,6,{battleId:string},"{code:int, content:com.eyu.mt.module.arena.model.BuyTimesVO}",handlers/elite.py:162,,服务端已实现,,
MsgElite,61,RECORD,7,{battleId:string},"{code:int, content:array(com.eyu.mt.module.elite.model.EliteRecordItem)}",handlers/elite.py:180,,服务端已实现,,
MsgElite,61,GET_BATTLES_TIMES,8,{},"{code:int, content:com.eyu.mt.module.elite.model.BattlesTimesVo}",handlers/elite.py:61,,服务端已实现,,
MsgElite,61,QUICK_ADVANCE,9,"{advanceCount:int, battleId:string}","{code:int, content:com.eyu.mt.module.battle.model.QuickVo}",handlers/elite.py:145,,服务端已实现,,
MsgElite,61,FIRST_RECORD,10,{battleId:string},"{code:int, content:array(com.eyu.mt.module.elite.model.EliteRecordItem)}",handlers/elite.py:185,,服务端已实现,,
MsgEmail,17,GET_MAILBOX,1,{},"{code:int, content:com.eyu.mt.module.email.model.MailBoxVo}",handlers/email.py:84,,服务端已实现,,
MsgEmail,17,SEND_USERMAIL,2,"{content:string, target:string, title:string}","{code:int, content:bool}",handlers/email.py:144,,服务端已实现,,
MsgEmail,17,SEND_GROUPMAIL,3,{},{},handlers/email.py:172,,服务端已实现,,
MsgEmail,17,DRAW_USER,4,"{mailId:int, target:com.eyu.mt.module.email.model.GroupTarget}","{code:int, content:array(com.eyu.mt.module.reward.model.RewardResult)}",handlers/email.py:101,,服务端已实现,,
MsgEmail,17,DRAW_SYSTEM,5,{},{},handlers/email.py:177,,服务端已实现,,
MsgEmail,17,READ_MAIL,6,"{mailId:int, target:com.eyu.mt.module.email.model.GroupTarget}","{code:int, content:bool}",handlers/email.py:110,,服务端已实现,,
MsgEmail,17,REMOVE_MAIL,7,"{targets:map(int, com.eyu.mt.module.email.model.GroupTarget)}","{code:int, content:bool}",handlers/email.py:117,,服务端已实现,,
MsgEmail,17,HAS_NEW,8,{},"{code:int, content:bool}",handlers/email.py:139,,服务端已实现,,
MsgEmail,17,REMOVE_ALL_MAIL,9,"{targets:map(int, com.eyu.mt.module.email.model.GroupTarget)}","{code:int, content:array(com.eyu.mt.module.reward.model.RewardResult)}",handlers/email.py:127,,服务端已实现,,
MsgEmblem,23,COMMOND_GET_ACHIEVE_LIST,1,{},"{code:int, content:array(int)}",handlers/misc.py:103,,服务端已实现,,
MsgEmblem,23,COMMOND_DRAW_CHAPTER,2,{id:int},"{code:int, content:com.eyu.mt.module.emblem.model.AchieveRewardVO}",handlers/misc.py:127,,服务端已实现,,
MsgEmblem,23,COMMOND_DRAW,3,"{chapterId:int, id:int}","{code:int, content:com.eyu.mt.module.emblem.model.AchieveRewardVO}",handlers/misc.py:112,,服务端已实现,,
MsgEquip,56,LOAD_ALL_EQUIPS,1,{},{},handlers/equip.py:69,,服务端已实现,,
MsgEquip,56,EQUIP,2,"{hero:long, id:long, position:int}","{code:int, content:com.eyu.mt.module.equip.model.EquipVo}",handlers/equip.py:83,,服务端已实现,,
MsgEquip,56,COMPOSE,3,{baseId:int},"{code:int, content:com.eyu.mt.module.equip.model.ComposeVo}",handlers/equip.py:113,,服务端已实现,,
MsgEquip,56,MELT,4,"{ids:array(long), materials:map(com.eyu.mt.module.equip.model.MaterialType, int)}","{code:int, content:array(com.eyu.mt.module.reward.model.RewardResult)}",handlers/equip.py:149,,服务端已实现,,
MsgEquip,56,BUY_EQUIP_PACK_SPACE,5,{},"{code:int, content:array(com.eyu.mt.module.cost.model.CostResult)}",handlers/equip.py:185,,服务端已实现,,
MsgEquip,56,LOAD_EQUIP_PACK,6,{},"{code:int, content:com.eyu.mt.module.equip.model.EquipPackSpaceVo}",handlers/equip.py:74,,服务端已实现,,
MsgEquip,56,UNEQUIP_POSITION,7,"{equipId:long, hero:long, position:int}","{code:int, content:bool}",handlers/equip.py:105,,服务端已实现,,
MsgEquip,56,UPGRADE,8,{id:long},"{code:int, content:com.eyu.mt.module.equip.model.UpgradeVo}",handlers/equip.py:127,,服务端已实现,,
MsgEquip,56,BUY_EQUIP_PACK_SPACE_BY_COUPON,9,{},"{code:int, content:array(com.eyu.mt.module.cost.model.CostResult)}",handlers/equip.py:190,,服务端已实现,,
MsgEquipgift,65,LOAD_EQUIP_GIFT,1,{activityId:string},"{code:int, content:map(int, com.eyu.mt.module.equipgift.model.BuyTimesVo)}",handlers/activity.py:510,,服务端已实现,,
MsgEquipgift,65,BUY_EQUIP_GIFT,2,"{activityId:string, goodsId:int}","{code:int, content:com.eyu.mt.module.equipgift.model.BuyEquipgiftVo}",handlers/activity.py:517,,服务端已实现,,
MsgExchange,80,LOAD_INFO,1,{activityId:string},"{code:int, content:com.eyu.mt.module.exchange.model.ExchangeInfo}",handlers/activity.py:824,,服务端已实现,,
MsgExchange,80,LOAD_EXCHANGE,2,"{heros:array(long), id:int}","{code:int, content:com.eyu.mt.module.exchange.model.ExchangeVo}",handlers/activity.py:830,,服务端已实现,,
MsgExchangeshop,85,LOAD_SHOP,1,{},"{code:int, content:com.eyu.mt.module.exchangeshop.model.ExchangeshopVo}",handlers/shops.py:197,,服务端已实现,,
MsgExchangeshop,85,REFRESH,2,{currency:bool},"{code:int, content:com.eyu.mt.module.exchangeshop.model.RefreshVo}",handlers/shops.py:204,,服务端已实现,,
MsgExchangeshop,85,EXCHANGE,3,{position:int},"{code:int, content:com.eyu.mt.module.exchangeshop.model.ExchangeVo}",handlers/shops.py:211,,服务端已实现,,
MsgExplore,86,LOAD_EXPLORE_INFO,1,{},"{code:int, content:com.eyu.mt.module.explore.model.ExploreVo}",handlers/late.py:132,,服务端已实现,,
MsgExplore,86,COST_REFRESH_RELEASE,2,{},"{code:int, content:com.eyu.mt.module.explore.model.CostRefreshVo}",handlers/late.py:143,,服务端已实现,,
MsgExplore,86,EXECUTE_TASK,3,"{friends:array(com.eyu.mt.module.explore.model.HireCardVo), rate:int, selfs:array(com.eyu.mt.module.explore.model.HireCardVo), taskId:long, virtuals:array(int)}","{code:int, content:com.eyu.mt.module.explore.model.ExecuteTaskVo}",handlers/late.py:156,,服务端已实现,,
MsgExplore,86,IMMEDIATE_FINISH,4,[long],"{code:int, content:com.eyu.mt.module.explore.model.DrawTaskRewardVo}",handlers/late.py:204,,服务端已实现,,
MsgExplore,86,GET_FRIEND_CARDS,5,{},"{code:int, content:array(com.eyu.mt.module.explore.model.FriendLeaderVo)}",handlers/late.py:214,,服务端已实现,,
MsgExplore,86,DRAW_TASK_REWARD,6,[long],"{code:int, content:com.eyu.mt.module.explore.model.DrawTaskRewardVo}",handlers/late.py:209,,服务端已实现,,
MsgExplore,86,UP_NPC_LEVEL,7,{},"{code:int, content:com.eyu.mt.module.explore.model.UpNPCLevelVo}",handlers/late.py:231,,服务端已实现,,
MsgExplore,86,OWNER_FIGHT_SCORE,8,[array(long)],"{code:int, content:map(long, int)}",handlers/late.py:243,,服务端已实现,,
MsgExplore,86,BUY_NPC_EXP,9,[int],"{code:int, content:com.eyu.mt.module.explore.model.BuyNPCExpVO}",handlers/late.py:255,,服务端已实现,,
MsgFakegroupbuy,51,PLAYER_BUY_INFO,1,{},"{code:int, content:array(com.eyu.mt.module.fakegroupbuy.module.GoodsBuyInfoVo)}",handlers/activity.py:134,LocalServer_logic.lua:1023,服务端已实现,,
MsgFakegroupbuy,51,BUY_GOODS,2,{id:int},"{code:int, content:com.eyu.mt.module.fakegroupbuy.module.BuyGoodsVo}",handlers/activity.py:140,,服务端已实现,,
MsgFakegroupbuy,51,DRAW_REWARD,3,"{id:int, types:array(int)}","{code:int, content:array(com.eyu.mt.module.reward.model.RewardResult)}",handlers/activity.py:153,,服务端已实现,,
MsgFight,158,ENEMY_ENEMY,1,"{attacker:string, defender:string}","{code:int, content:com.eyu.mt.test.fight.model.FightReport}",handlers/late.py:630,,服务端已实现,,
MsgFight,158,PLAYER_ENEMY,2,"{enemy:string, player:string}","{code:int, content:com.eyu.mt.test.fight.model.FightReport}",handlers/late.py:634,,服务端已实现,,
MsgFight,158,PLAYER_PLAYER,3,"{attacker:string, defender:string}","{code:int, content:com.eyu.mt.test.fight.model.FightReport}",handlers/late.py:638,,服务端已实现,,
MsgFight,158,COUNT_ENEMY_ENEMY,4,"{attacker:string, defender:string, times:int}","{code:int, content:com.eyu.mt.test.fight.model.BattleInfo}",handlers/late.py:642,,服务端已实现,,
MsgFight,158,COUNT_PLAYER_ENEMY,5,"{enemy:string, player:string, times:int}","{code:int, content:com.eyu.mt.test.fight.model.BattleInfo}",handlers/late.py:646,,服务端已实现,,
MsgFight,158,COUNT_PLAYER_PLAYER,6,"{attacker:string, defender:string, times:int}","{code:int, content:com.eyu.mt.test.fight.model.BattleInfo}",handlers/late.py:650,,服务端已实现,,
MsgFoolsday,60,INFO,1,{},"{code:int, content:com.eyu.mt.module.foolsday.model.InfoVo}",handlers/activity.py:378,,服务端已实现,,
MsgFoolsday,60,FLOP,2,{position:int},"{code:int, content:com.eyu.mt.module.foolsday.model.FlopVo}",handlers/activity.py:385,,服务端已实现,,
MsgFoolsday,60,RESET,3,{},"{code:int, content:com.eyu.mt.module.foolsday.model.ResetVo}",handlers/activity.py:405,,服务端已实现,,
MsgFootball,66,LOAD_PITCH,1,{},"{code:int, content:com.eyu.mt.module.football.model.PitchInfo}",handlers/activity.py:536,,服务端已实现,,
MsgFootball,66,SHOOT,2,{position:int},"{code:int, content:array(com.eyu.mt.module.reward.model.RewardResult)}",handlers/activity.py:567,,服务端已实现,,
MsgFootball,66,SHOOT_BY_CURRENCY,3,{position:int},"{code:int, content:com.eyu.mt.module.football.model.ShootVo}",handlers/activity.py:572,,服务端已实现,,
MsgGemroom,70,LOAD_GEM_ROOM,1,{},"{code:int, content:com.eyu.mt.module.gemroom.model.GemroomVo}",handlers/shops.py:158,,服务端已实现,,
MsgGemroom,70,REFRESH,2,{},"{code:int, content:com.eyu.mt.module.gemroom.model.RefreshVo}",handlers/shops.py:166,,服务端已实现,,
MsgGemroom,70,EXCHANGE,3,{position:int},"{code:int, content:com.eyu.mt.module.gemroom.model.ExchangeVo}",handlers/shops.py:177,,服务端已实现,,
MsgGemroom,70,CLEAR_COOL_TIME,4,{},"{code:int, content:array(com.eyu.mt.module.cost.model.CostResult)}",handlers/shops.py:185,,服务端已实现,,
MsgGift,16,ALL_GIFTS,1,{},"{code:int, content:com.eyu.mt.module.gift.model.ValidGiftVo}",server.py:172,,服务端已实现,,
MsgGift,16,DRAW_GLOBAL,2,{giftId:string},"{code:int, content:array(com.eyu.mt.module.reward.model.RewardResult)}",handlers/account_misc.py:74,,服务端已实现,,
MsgGift,16,DRAW_SERIAL,3,"{serial:string, signal:string}","{code:int, content:com.eyu.mt.module.gift.model.SerialResultVo}",handlers/account_misc.py:86,,服务端已实现,,
MsgGift,16,DRAW_USER,4,{giftId:long},"{code:int, content:array(com.eyu.mt.module.reward.model.RewardResult)}",server.py:180,,服务端已实现,,
MsgGift,16,HAS_REWARD,5,{},"{code:int, content:bool}",server.py:194,,服务端已实现,,
MsgGift,16,SP_RECORD,6,{},"{code:int, content:com.eyu.mt.module.gift.manager.SpRecord}",handlers/account_misc.py:59,,服务端已实现,,
MsgGift,16,DRAW_SP_REGISTER,7,{},"{code:int, content:com.eyu.mt.module.gift.manager.SpRecord}",server.py:170,,服务端已实现,,
MsgGift,16,DRAW_SP_COMMENT,8,{},"{code:int, content:com.eyu.mt.module.gift.manager.SpRecord}",handlers/account_misc.py:64,,服务端已实现,,
MsgGift,16,GET_ACTIVITYS,9,{},"{code:int, content:com.eyu.mt.module.activity.model.ValidActivityVo}",handlers/activity.py:60,,服务端已实现,,
MsgGift,16,DRAW_ACTIVITY,10,"{activity:string, giftId:string}","{code:int, content:array(com.eyu.mt.module.reward.model.RewardResult)}",handlers/account_misc.py:80,,服务端已实现,,
MsgGift,16,PROGRESS_REWARDS,11,{},"{code:int, content:com.eyu.mt.module.gift.model.ProgressRewardVo}",server.py:205,,服务端已实现,,
MsgGift,16,CLAIM_PROGRESS,12,"{category:string, threshold:int}","{code:int, content:com.eyu.mt.module.gift.model.ProgressClaimVo}",handlers/account_misc.py:91,,服务端已实现,,
MsgGodreward,73,GET_INFO,1,{},"{code:int, content:com.eyu.mt.module.godreward.model.GodRewardVo}",handlers/activity.py:652,,服务端已实现,,
MsgGodreward,73,REFRESH_TASK,2,{},"{code:int, content:com.eyu.mt.module.godreward.model.RefreshTaskVo}",handlers/activity.py:676,,服务端已实现,,
MsgGodreward,73,BUY_REFRESH_TASK,3,{},"{code:int, content:com.eyu.mt.module.godreward.model.RefreshTaskVo}",handlers/activity.py:681,,服务端已实现,,
MsgGodreward,73,ACCEPT_TASK,4,[int],"{code:int, content:map(int, double)}",handlers/activity.py:686,,服务端已实现,,
MsgGodreward,73,GIVE_UP_TASK,5,[int],"{code:int, content:com.eyu.mt.module.godreward.model.GiveUpTaskVo}",handlers/activity.py:697,,服务端已实现,,
MsgGodreward,73,GET_TASK_REWARD,6,[int],"{code:int, content:com.eyu.mt.module.godreward.model.GetTaskRewardVo}",handlers/activity.py:705,,服务端已实现,,
MsgGodreward,73,GET_FEAT_REWARD,7,[int],"{code:int, content:com.eyu.mt.module.godreward.model.GetFeatRewardVo}",handlers/activity.py:721,,服务端已实现,,
MsgGroupbuy,46,GET_REWARD,1,{baseId:int},"{code:int, content:array(com.eyu.mt.module.reward.model.RewardResult)}",handlers/charge.py:137,,服务端已实现,,
MsgGroupbuy,46,LOAD_REWARD_INFO,2,{},"{code:int, content:com.eyu.mt.module.groupbuy.model.LoadRewardInfoVo}",handlers/charge.py:160,,服务端已实现,,
MsgHero,13,ALL_HEROS,1,{},"{code:int, content:com.eyu.mt.module.hero.model.HeroPackVo}",handlers/hero.py:164,LocalServer_logic.lua:773,服务端已实现,,
MsgHero,13,HERO_CURRENT,2,"{groupId:int, heros:array(long)}","{code:int, content:array(array(long))}",handlers/hero.py:169,LocalServer_logic.lua:774,服务端已实现,,
MsgHero,13,EMBATTLE,3,"{src:array(int), tar:array(int)}","{code:int, content:int}",handlers/hero.py:192,LocalServer_logic.lua:807,服务端已实现,,
MsgHero,13,SWALLOW,4,"{src:long, tar:array(long)}","{code:int, content:com.eyu.mt.module.hero.model.HeroGrowVo}",handlers/hero.py:282,LocalServer_logic.lua:823,服务端已实现,,
MsgHero,13,RANK_UP,5,"{src:long, tar:array(long)}","{code:int, content:com.eyu.mt.module.hero.model.HeroGrowVo}",handlers/hero.py:330,LocalServer_logic.lua:855,服务端已实现,,
MsgHero,13,BUY_PACK,6,{},"{code:int, content:com.eyu.mt.module.hero.model.BuyPackVo}",handlers/hero.py:466,,服务端已实现,,
MsgHero,13,SELL_HERO,7,{tar:array(long)},"{code:int, content:com.eyu.mt.module.cost.model.CostAndReward}",handlers/hero.py:397,LocalServer_logic.lua:881,服务端已实现,,
MsgHero,13,CHANGE_LEADER,8,"{groupId:int, src:long}","{code:int, content:array(array(long))}",handlers/hero.py:205,LocalServer_logic.lua:902,服务端已实现,,
MsgHero,13,CRUSH_HERO,9,{tar:array(long)},"{code:int, content:com.eyu.mt.module.cost.model.CostAndReward}",handlers/hero.py:412,,服务端已实现,,
MsgHero,13,LOCK,10,"{lock:bool, src:long}","{code:int, content:int}",handlers/hero.py:448,,服务端已实现,,
MsgHero,13,SKILL_UP,11,"{src:long, tar:array(long)}","{code:int, content:com.eyu.mt.module.hero.model.HeroGrowVo}",handlers/hero.py:363,LocalServer_logic.lua:921,服务端已实现,,
MsgHero,13,CURRENT_SCORE,12,{},"{code:int, content:array(int)}",handlers/hero.py:258,LocalServer_logic.lua:940,服务端已实现,,
MsgHero,13,HERO_GROUPS,13,{},"{code:int, content:com.eyu.mt.module.hero.model.HeroGroupInfoVo}",handlers/hero.py:218,LocalServer_logic.lua:941,服务端已实现,,
MsgHero,13,SWITCH_HERO_GROUP,14,{groupId:int},"{code:int, content:long}",handlers/hero.py:225,LocalServer_logic.lua:942,服务端已实现,,
MsgHero,13,EMBATTLE_GROUP,15,"{embattle:array(array(long)), groupId:int}","{code:int, content:int}",handlers/hero.py:246,LocalServer_logic.lua:948,服务端已实现,,
MsgHero,13,RANK_UP_BY_GOLD,16,{src:long},"{code:int, content:com.eyu.mt.module.hero.model.HeroGrowVo}",handlers/hero.py:350,,服务端已实现,,
MsgHero,13,SPLIT_HERO,17,{tar:long},"{code:int, content:com.eyu.mt.module.cost.model.CostAndReward}",handlers/hero.py:430,,服务端已实现,,
MsgHero,13,BUY_PACK_BY_COUPON,18,{},"{code:int, content:com.eyu.mt.module.hero.model.BuyPackVo}",handlers/hero.py:471,,服务端已实现,,
MsgHero,13,GET_RED_CARD_EXCHANGE_INFO,19,{},"{code:int, content:map(int, int)}",handlers/hero.py:502,,服务端已实现,,
MsgHero,13,RED_CARD_EXCHANGE,20,"{configId:int, costHeroIds:array(long)}","{code:int, content:com.eyu.mt.module.hero.model.RedCardExchangeVo}",handlers/hero.py:507,,服务端已实现,,
MsgHero,13,SWITCH_GROUP,21,{},"{code:int, content:bool}",handlers/hero.py:237,,服务端已实现,,
MsgHero,13,UPDATE_TEAM,22,"{leaders:array(long), name:string, teams:array(array(array(long)))}","{code:int, content:int}",handlers/hero.py:543,,服务端已实现,,
MsgHero,13,USE_TEAM,23,"{name:string, teamEquipInfos:array(com.eyu.mt.module.hero.model.TeamEquipInfo), teamTalismanInfos:array(com.eyu.mt.module.hero.model.TeamTalismanInfo)}","{code:int, content:int}",handlers/hero.py:561,,服务端已实现,,
MsgHero,13,UPDATE_TEAM_NAME,24,"{newName:string, oldName:string}","{code:int, content:int}",handlers/hero.py:573,,服务端已实现,,
MsgHero,13,GET_TEAM_INFO,25,{},"{code:int, content:com.eyu.mt.module.hero.model.TeamInfoVo}",handlers/hero.py:588,,服务端已实现,,
MsgHero,13,COST_RANK_UP,26,"{configId:int, heroIds:array(long)}","{code:int, content:com.eyu.mt.module.cost.model.CostAndReward}",handlers/hero.py:476,,服务端已实现,,
MsgInvite,25,CHAECK_INVITE_CODE,1,{invite:string},"{code:int, content:bool}",handlers/social.py:273,,服务端已实现,,
MsgInvite,25,REWARD_LIST,2,{},"{code:int, content:com.eyu.mt.module.invite.model.InviteVO}",handlers/social.py:266,,服务端已实现,,
MsgInvite,25,ADD_INVITE_CODE,3,{invite:string},"{code:int, content:int}",handlers/social.py:279,,服务端已实现,,
MsgItem,12,GET_ITEMS,1,{},"{code:int, content:array(com.eyu.mt.module.item.manager.Item)}",handlers/item.py:34,LocalServer_logic.lua:1021,服务端已实现,,
MsgItem,12,COMPOSE_ITEM,2,"{extend:bool, itemId:long}","{code:int, content:com.eyu.mt.module.cost.model.CostAndReward}",handlers/item.py:39,LocalServer_logic.lua:1022,服务端已实现,,
MsgItem,12,SELL_ITEM,3,"{amount:int, itemId:long}","{code:int, content:com.eyu.mt.module.cost.model.CostAndReward}",handlers/item.py:73,,服务端已实现,,
MsgItem,12,SELL_ITEMS,4,"[map(long, int)]","{code:int, content:com.eyu.mt.module.cost.model.CostAndReward}",handlers/item.py:82,,服务端已实现,,
MsgItem,12,SWAP,5,"{cardId:long, desBaseId:int, unitRace:com.eyu.mt.module.fight.model.UnitRace}","{code:int, content:com.eyu.mt.module.item.model.SwapResult}",handlers/item.py:94,,服务端已实现,,
MsgJuhuasuan,63,GET_INFO,1,{},"{code:int, content:com.eyu.mt.module.juhuasuan.model.JuhuansuanVo}",handlers/activity.py:459,,服务端已实现,,
MsgJuhuasuan,63,BUY_GOODS,2,{goodsId:string},"{code:int, content:com.eyu.mt.module.cost.model.CostAndReward}",handlers/activity.py:466,,服务端已实现,,
MsgMenpai,47,JOIN_MENPAI,1,{menpai:long},"{code:int, content:com.eyu.mt.module.menpai.model.ApplyMenpaiInfoVo}",handlers/menpai.py:122,,服务端已实现,,
MsgMenpai,47,GET_SELEF_MENPAI,2,{},"{code:int, content:com.eyu.mt.module.menpai.model.MenpaiInfoVo}",handlers/menpai.py:90,LocalServer_logic.lua:762,服务端已实现,,
MsgMenpai,47,GET_MENPAI_LIST,3,"{key:string, page:int}","{code:int, content:com.eyu.mt.module.menpai.model.ApplyMenpaiInfoPageVo}",handlers/menpai.py:98,,服务端已实现,,
MsgMenpai,47,GET_PARTNER_LIST,4,{page:int},"{code:int, content:com.eyu.mt.module.menpai.model.MenpaiPartnerPageVo}",handlers/menpai.py:179,,服务端已实现,,
MsgMenpai,47,INVITE_PARTNER,5,{partner:long},"{code:int, content:com.eyu.mt.module.menpai.model.JoinState}",handlers/menpai.py:198,,服务端已实现,,
MsgMenpai,47,LIST_APPLY_USER,6,{page:int},"{code:int, content:com.eyu.mt.module.menpai.model.BasicUserPageVo}",handlers/menpai.py:211,,服务端已实现,,
MsgMenpai,47,CHECK_USER,7,"{accept:bool, applyId:long}","{code:int, content:int}",handlers/menpai.py:228,,服务端已实现,,
MsgMenpai,47,LIST_INVITE_MENPAI,8,{page:int},"{code:int, content:com.eyu.mt.module.menpai.model.InviteMenpaiInfoPageVo}",handlers/menpai.py:242,,服务端已实现,,
MsgMenpai,47,CHECK_INVITE_MENPAI,9,"{accept:bool, inivteId:long}","{code:int, content:com.eyu.mt.module.menpai.model.MenpaiInfoVo}",handlers/menpai.py:259,,服务端已实现,,
MsgMenpai,47,CHANGE_POST,10,{post:string},"{code:int, content:int}",handlers/menpai.py:267,,服务端已实现,,
MsgMenpai,47,GIVE_MESSAGE,11,{message:string},"{code:int, content:int}",handlers/menpai.py:294,,服务端已实现,,
MsgMenpai,47,LIST_MESSAGE,12,{page:int},"{code:int, content:com.eyu.mt.module.menpai.model.UserMessagePageVo}",handlers/menpai.py:308,,服务端已实现,,
MsgMenpai,47,UPDATE_DECLARATION,13,{declaration:string},"{code:int, content:int}",handlers/menpai.py:276,,服务端已实现,,
MsgMenpai,47,CONTRIBUTE_MENPAI,14,{count:int},"{code:int, content:com.eyu.mt.module.menpai.model.ContributeMenpaiVo}",handlers/menpai.py:316,,服务端已实现,,
MsgMenpai,47,BID_RANK,15,{count:int},"{code:int, content:double}",handlers/menpai.py:610,,服务端已实现,,
MsgMenpai,47,KICK_USER,16,{player:long},"{code:int, content:int}",handlers/menpai.py:363,,服务端已实现,,
MsgMenpai,47,CREATE_MENPAI,17,{name:string},"{code:int, content:array(com.eyu.mt.module.cost.model.CostResult)}",handlers/menpai.py:137,,服务端已实现,,
MsgMenpai,47,SET_MEMBER_JOB,18,"{jobType:string, partner:long}","{code:int, content:int}",handlers/menpai.py:374,,服务端已实现,,
MsgMenpai,47,TRANSFER_BOSS,19,{partner:long},"{code:int, content:int}",handlers/menpai.py:384,,服务端已实现,,
MsgMenpai,47,GRAB_TIGHT,20,{},"{code:int, content:date}",handlers/menpai.py:419,,服务端已实现,,
MsgMenpai,47,STOP_GRAB_RIGHT,21,{},"{code:int, content:int}",handlers/menpai.py:425,,服务端已实现,,
MsgMenpai,47,SPRING_DRINK,22,{},{},handlers/menpai.py:358,,服务端已实现,,
MsgMenpai,47,PRAY,23,{time:int},"{code:int, content:com.eyu.mt.module.menpai.model.PrayVo}",handlers/menpai.py:336,,服务端已实现,,
MsgMenpai,47,QUIT_MENPAI,26,{},"{code:int, content:int}",handlers/menpai.py:403,,服务端已实现,,
MsgMenpai,47,SUMMON_DEMOG,27,{cost:long},"{code:int, content:com.eyu.mt.module.menpai.model.SummonDemogVo}",handlers/menpai.py:470,,服务端已实现,,
MsgMenpai,47,LIST_DEMOG,28,{page:int},"{code:int, content:com.eyu.mt.module.menpai.model.DemogPageVo}",handlers/menpai.py:492,,服务端已实现,,
MsgMenpai,47,CLEAR_COOLTIME,29,{},"{code:int, content:array(com.eyu.mt.module.cost.model.CostResult)}",handlers/menpai.py:549,,服务端已实现,,
MsgMenpai,47,ATTACK_DEMOG,30,"{demogId:long, embattle:array(array(array(long)))}","{code:int, content:com.eyu.mt.module.menpai.model.AttackVo}",handlers/menpai.py:512,,服务端已实现,,
MsgMenpai,47,DRAW_REWARD,31,{demogId:long},"{code:int, content:array(com.eyu.mt.module.reward.model.RewardResult)}",handlers/menpai.py:561,,服务端已实现,,
MsgMenpai,47,SINGLE_PARTNER,32,{partnerId:long},"{code:int, content:com.eyu.mt.module.menpai.model.MenpaiPartnerVo}",handlers/menpai.py:184,,服务端已实现,,
MsgMenpai,47,DISBAND_MENPAI,33,{},{},handlers/menpai.py:412,,服务端已实现,,
MsgMenpai,47,CANCEL_APPLY,34,{menpai:long},"{code:int, content:com.eyu.mt.module.menpai.model.ApplyMenpaiInfoVo}",handlers/menpai.py:132,,服务端已实现,,
MsgMenpai,47,COUNTRY_DATA,35,{},"{code:int, content:com.eyu.mt.module.menpai.model.CountryVo}",handlers/menpai.py:583,,服务端已实现,,
MsgMenpai,47,BID_FOR_COUNTRY,37,"{count:int, country:int}","{code:int, content:com.eyu.mt.module.menpai.model.MenpaiBidResultVo}",handlers/menpai.py:593,,服务端已实现,,
MsgMenpai,47,COUNTRY_FIGHT_JOINED,38,"{country:int, join:bool}","{code:int, content:com.eyu.mt.module.menpai.model.CountryFigthJoinedVo}",handlers/menpai.py:629,,服务端已实现,,
MsgMenpai,47,COUNTRY_FIGHT_RESULT,39,{country:int},"{code:int, content:com.eyu.mt.module.menpai.model.CountryFightReportVo}",handlers/menpai.py:646,,服务端已实现,,
MsgMenpai,47,GET_GOODS,40,{},"{code:int, content:com.eyu.mt.module.menpai.model.MenpaiGoodsInfoVo}",handlers/menpai.py:432,,服务端已实现,,
MsgMenpai,47,EXCHAGE_GOODS,41,"{goods:int, times:int}","{code:int, content:com.eyu.mt.module.cost.model.CostAndReward}",handlers/menpai.py:441,,服务端已实现,,
MsgMenpai,47,QUIT_COUNTRY_FIGHT,43,{},"{code:int, content:com.eyu.mt.module.menpai.model.CountryFigthJoinedVo}",handlers/menpai.py:638,,服务端已实现,,
MsgMenpai,47,MENPAI_RENAME,44,{name:string},"{code:int, content:int}",handlers/menpai.py:285,,服务端已实现,,
MsgMonopoly,75,LOAD_MONOPOLY,1,{},"{code:int, content:com.eyu.mt.module.monopoly.model.MonopolyVo}",handlers/late.py:434,,服务端已实现,,
MsgMonopoly,75,DICE,2,{},"{code:int, content:com.eyu.mt.module.monopoly.model.DiceVo}",handlers/late.py:460,,服务端已实现,,
MsgMonopoly,75,ADVANCE_DICE,3,{step:int},"{code:int, content:com.eyu.mt.module.monopoly.model.DiceVo}",handlers/late.py:470,,服务端已实现,,
MsgMonopoly,75,DRAW_TASK_REWARD,4,{},"{code:int, content:array(com.eyu.mt.module.reward.model.RewardResult)}",handlers/late.py:497,,服务端已实现,,
MsgMonopoly,75,GIVEUP_TASK,5,{},"{code:int, content:bool}",handlers/late.py:502,,服务端已实现,,
MsgMonopoly,75,BUY_GOODS,6,"{id:int, useCurrency:bool}","{code:int, content:com.eyu.mt.module.monopoly.model.BuyGoodsResult}",handlers/late.py:480,,服务端已实现,,
MsgMonopoly,75,DRAW_BOX_REWARD,7,{id:int},"{code:int, content:array(com.eyu.mt.module.reward.model.RewardResult)}",handlers/late.py:507,,服务端已实现,,
MsgMonopoly,75,COST_DICE,8,{},"{code:int, content:com.eyu.mt.module.monopoly.model.DiceVo}",handlers/late.py:465,,服务端已实现,,
MsgMonopoly,75,COST_ADVANCE_DICE,9,{step:int},"{code:int, content:com.eyu.mt.module.monopoly.model.DiceVo}",handlers/late.py:475,,服务端已实现,,
MsgMonopoly,75,PICKUP_TASK,10,{id:int},"{code:int, content:bool}",handlers/late.py:514,,服务端已实现,,
MsgMonopoly,75,COMPLET_TASK,11,{},"{code:int, content:array(com.eyu.mt.module.cost.model.CostResult)}",handlers/late.py:519,,服务端已实现,,
MsgMoon,74,MOON_INFO,1,{},"{code:int, content:com.eyu.mt.module.moon.model.MoonVo}",handlers/activity.py:742,,服务端已实现,,
MsgMoon,74,COMPOSE_MOON,2,{count:int},"{code:int, content:com.eyu.mt.module.moon.model.MoonComposeVo}",handlers/activity.py:747,,服务端已实现,,
MsgMoon,74,BUY_MOON,3,"{count:int, type:int}","{code:int, content:com.eyu.mt.module.moon.model.BuyMoonResultVo}",handlers/activity.py:760,,服务端已实现,,
MsgMoon,74,EXHCNAGE,4,{group:int},"{code:int, content:com.eyu.mt.module.moon.model.MoonExchangeVo}",handlers/activity.py:770,,服务端已实现,,
MsgNewmonopoly,87,LOAD_NEWMONOPOLY,1,{},"{code:int, content:com.eyu.mt.module.newmonopoly.model.NewMonopolyVo}",handlers/late.py:532,,服务端已实现,,
MsgNewmonopoly,87,CAST_DICE,2,{},"{code:int, content:com.eyu.mt.module.newmonopoly.model.CastDiceVo}",handlers/late.py:561,,服务端已实现,,
MsgNewmonopoly,87,COST_CAST_DICE,3,{},"{code:int, content:com.eyu.mt.module.newmonopoly.model.CastDiceVo}",handlers/late.py:566,,服务端已实现,,
MsgNewmonopoly,87,CAST_SPEICAL_DICE,4,[int],"{code:int, content:com.eyu.mt.module.newmonopoly.model.CastDiceVo}",handlers/late.py:571,,服务端已实现,,
MsgNewmonopoly,87,COST_CAST_SPEICAL_DICE,5,[int],"{code:int, content:com.eyu.mt.module.newmonopoly.model.CastDiceVo}",handlers/late.py:576,,服务端已实现,,
MsgNewmonopoly,87,ACCEPT_TASK,6,[int],"{code:int, content:com.eyu.mt.module.newmonopoly.model.MonopolyTaskVo}",handlers/late.py:581,,服务端已实现,,
MsgNewmonopoly,87,GIVE_UP_TASK,7,[int],"{code:int, content:com.eyu.mt.module.newmonopoly.model.MonopolyTaskVo}",handlers/late.py:586,,服务端已实现,,
MsgNewmonopoly,87,COMPLETE_TASK,8,[int],"{code:int, content:com.eyu.mt.module.newmonopoly.model.MonopolyTaskVo}",handlers/late.py:591,,服务端已实现,,
MsgNewmonopoly,87,DRAW_TASK_REWARD,9,[int],"{code:int, content:com.eyu.mt.module.newmonopoly.model.MonopolyTaskVo}",handlers/late.py:596,,服务端已实现,,
MsgNewmonopoly,87,BUG_GOODS,10,"{cost:bool, goodsId:int}","{code:int, content:com.eyu.mt.module.newmonopoly.model.BuyGoodsVo}",handlers/late.py:601,,服务端已实现,,
MsgNewmonopoly,87,SELECT_ROUTE,11,[bool],"{code:int, content:int}",handlers/late.py:612,,服务端已实现,,
MsgNewmonopoly,87,SELECT_SUBSTITUE,12,"{cost:bool, substitute:bool}","{code:int, content:com.eyu.mt.module.newmonopoly.model.SelectSubstitueVo}",handlers/late.py:617,,服务端已实现,,
MsgNewmonopoly,87,DRAW_BOX_REWARD,13,[int],"{code:int, content:com.eyu.mt.module.newmonopoly.model.DrawBoxRewardVo}",handlers/late.py:622,,服务端已实现,,
MsgPlatform,30,DRAW_PRAISE_REWARD,1,{},"{code:int, content:int}",handlers/account_misc.py:109,,服务端已实现,,
MsgPlatform,30,INITIATIVE_SHARE,2,{},"{code:int, content:com.eyu.mt.module.platform.model.InitiativeShareVo}",handlers/account_misc.py:119,,服务端已实现,,
MsgPlatform,30,PASSIVE_SHARE,3,{},"{code:int, content:int}",handlers/account_misc.py:130,,服务端已实现,,
MsgPlatform,30,GET_COMMON_INFO,4,{},"{code:int, content:com.eyu.mt.module.platform.model.WechatRouletteInfo}",handlers/account_misc.py:135,,服务端已实现,,
MsgPlatform,30,ROULETTE,5,{},"{code:int, content:com.eyu.mt.module.platform.model.WechatRouletteVO}",handlers/account_misc.py:140,,服务端已实现,,
MsgPlayer,11,LOTTERY,1,"{id:int, time:int}","{code:int, content:com.eyu.mt.module.cost.model.CostAndReward}",handlers/lottery.py:120,LocalServer_logic.lua:951,服务端已实现,,
MsgPlayer,11,WALLET,2,{},"{code:int, content:com.eyu.mt.module.account.model.WalletVo}",handlers/player.py:59,LocalServer_logic.lua:970,服务端已实现,,
MsgPlayer,11,VIP,3,{},"{code:int, content:com.eyu.mt.module.vip.model.VipInfo}",handlers/player.py:68,LocalServer_logic.lua:980,服务端已实现,,
MsgPlayer,11,ORDER,4,"{amount:int, channel:string, goods:string, imei:string, mac:string, version:string}","{code:int, content:com.eyu.mt.module.player.model.OrderVo}",handlers/charge.py:60,,服务端已实现,,
MsgPlayer,11,RESETNAME,8,[string],"{code:int, content:int}",handlers/player.py:73,,服务端已实现,,
MsgPlayer,11,ROULETTE_LOTTERY,9,{},"{code:int, content:com.eyu.mt.module.player.model.RouletteLotteryVO}",handlers/player.py:158,LocalServer_logic.lua:983,服务端已实现,,
MsgPlayer,11,ROULETTE_LOTTERY_RESULTS,10,{},"{code:int, content:array(com.eyu.mt.module.player.model.RecentLotteryResult)}",handlers/player.py:178,LocalServer_logic.lua:995,服务端已实现,,
MsgPlayer,11,GET_LOTTERY_LIST,11,{},"{code:int, content:array(com.eyu.mt.module.player.model.LotteryListVO)}",handlers/lottery.py:98,LocalServer_logic.lua:996,服务端已实现,,
MsgPlayer,11,DAILY_CHECK_INFO,12,{},"{code:int, content:com.eyu.mt.module.player.model.DailyCheckVO}",handlers/player.py:116,,服务端已实现,,
MsgPlayer,11,DAILY_CHECK_IN,13,{},"{code:int, content:com.eyu.mt.module.player.model.DailyCheckResultVO}",handlers/player.py:124,,服务端已实现,,
MsgPlayer,11,GET_BUFFS,14,{},"{code:int, content:array(string)}",handlers/player.py:90,,服务端已实现,,
MsgPlayer,11,GET_ACTIVITY_MONEY,15,{mallId:int},"{code:int, content:com.eyu.mt.module.player.model.ActivityMoneyVo}",handlers/player.py:185,,服务端已实现,,
MsgPlayer,11,TOKEN_COIN_EXCHANGE,16,"{id:int, num:int}","{code:int, content:com.eyu.mt.module.player.model.TokenCoinExchangeVO}",handlers/player.py:193,,服务端已实现,,
MsgPlayer,11,GET_CONSUME_RANK,17,{},"{code:int, content:array(com.eyu.mt.module.player.model.ConsumeActiveRankVO)}",handlers/activity.py:282,,服务端已实现,,
MsgPlayer,11,GET_OPEN_BETA_GOODS_INFO,18,{},"{code:int, content:map(int, int)}",handlers/player.py:220,,服务端已实现,,
MsgPlayer,11,BUY_OPEN_BETA_GOODS,19,{goodsId:int},"{code:int, content:com.eyu.mt.module.player.model.BuyOpenBetaGoodsResultVO}",handlers/player.py:225,,服务端已实现,,
MsgPlayer,11,EQUIP_LOTTERY,20,"{free:bool, id:int, time:int}","{code:int, content:com.eyu.mt.module.player.model.EquipLotteryVo}",handlers/lottery.py:149,,服务端已实现,,
MsgPoint,21,BUY_SINGLE,1,{},"{code:int, content:com.eyu.mt.module.cost.model.CostAndReward}",handlers/player.py:256,,服务端已实现,,
MsgPoint,21,CURRENT_POINT,2,{},"{code:int, content:com.eyu.mt.module.point.model.ActionPointVo}",handlers/player.py:251,,服务端已实现,,
MsgPreciousroom,91,LOAD_SHOP,1,{mallId:int},"{code:int, content:com.eyu.mt.module.preciousroom.model.PreciousroomVo}",handlers/shops.py:220,,服务端已实现,,
MsgPreciousroom,91,EXCHANGE,2,"{mallId:int, position:int}","{code:int, content:com.eyu.mt.module.preciousroom.model.ExchangeVo}",handlers/shops.py:226,,服务端已实现,,
MsgPreciousroom,91,REFRESH,3,{mallId:int},"{code:int, content:com.eyu.mt.module.preciousroom.model.RefreshVo}",handlers/shops.py:234,,服务端已实现,,
MsgPvp,29,GET_PVP_INFO,1,{},"{code:int, content:com.eyu.mt.module.pvp.model.PvpInfoVO}",handlers/arena.py:259,,服务端已实现,,
MsgPvp,29,DEFY_MATCH,2,"{embattle:array(array(array(long))), rank:int, targetId:long, targetRank:int}","{code:int, content:com.eyu.mt.module.pvp.model.DefyResultVO}",handlers/arena.py:267,,服务端已实现,,
MsgPvp,29,GET_RANK_LIST,3,{},"{code:int, content:array(com.eyu.mt.module.pvp.model.PvpRankVO)}",handlers/arena.py:295,,服务端已实现,,
MsgPvp,29,LINEUP_COMPARE,4,{id:long},"{code:int, content:com.eyu.mt.module.arena.model.LineupCompareVO}",handlers/arena.py:315,,服务端已实现,,
MsgPvp,29,CLEAR_COOL_DOWN,5,{},"{code:int, content:array(com.eyu.mt.module.cost.model.CostResult)}",handlers/arena.py:322,,服务端已实现,,
MsgQingming,62,GET_INFO,1,{},"{code:int, content:com.eyu.mt.module.qingming.model.UserQingmingVo}",handlers/activity.py:426,,服务端已实现,,
MsgQingming,62,JIBAI,2,{},"{code:int, content:com.eyu.mt.module.qingming.model.JiBaiVo}",handlers/activity.py:438,,服务端已实现,,
MsgQingming,62,GET_JIBAI_PAGE,3,{},"{code:int, content:com.eyu.mt.module.qingming.model.JiBaiPageVo}",handlers/activity.py:433,,服务端已实现,,
MsgRaffle,58,LOAD_RAFFLE,1,{},"{code:int, content:com.eyu.mt.module.raffle.model.RaffleVo}",handlers/activity.py:338,,服务端已实现,,
MsgRaffle,58,REFRESH,2,{},"{code:int, content:com.eyu.mt.module.raffle.model.ResetVo}",handlers/activity.py:345,,服务端已实现,,
MsgRaffle,58,RAFFLE,3,{},"{code:int, content:com.eyu.mt.module.raffle.model.RaffleRewardVo}",handlers/activity.py:354,,服务端已实现,,
MsgRebirth,27,PROGRESS,1,{campaignId:string},"{code:int, content:com.eyu.mt.module.rebirth.model.RebirthProgressVo}",handlers/misc.py:191,,服务端已实现,,
MsgRebirth,27,MULTI_ACTION,2,"{battleId:string, embattle:array(array(array(long)))}","{code:int, content:com.eyu.mt.module.rebirth.model.RebirthAttackVo}",handlers/misc.py:202,,服务端已实现,,
MsgRebirth,27,BUY_TIMES,3,{battleId:string},"{code:int, content:com.eyu.mt.module.arena.model.BuyTimesVO}",handlers/misc.py:238,,服务端已实现,,
MsgRebirth,27,RECORD,4,{battleId:string},"{code:int, content:array(com.eyu.mt.module.rebirth.model.RecordItem)}",handlers/misc.py:255,,服务端已实现,,
MsgRebirth,27,QUICK_BATTLE,5,"{battleId:string, embattle:array(array(array(long)))}","{code:int, content:com.eyu.mt.module.rebirth.model.RebirthAttackVo}",handlers/misc.py:209,,服务端已实现,,
MsgRebirth,27,QUICK_ADVANCE,6,{battleId:string},"{code:int, content:com.eyu.mt.module.rebirth.model.RebirthAttackVo}",handlers/misc.py:214,,服务端已实现,,
MsgRebirth,27,QUICK_CAMPAIGN,7,{campaignId:string},"{code:int, content:com.eyu.mt.module.cost.model.CostAndReward}",handlers/misc.py:224,,服务端已实现,,
MsgRecycle,84,RECYCLE,1,"{cost:bool, recycleThings:com.eyu.mt.module.recycle.model.RecycleThings}","{code:int, content:com.eyu.mt.module.cost.model.CostAndReward}",handlers/activity.py:912,,服务端已实现,,
MsgReward,159,TEST_REWARD,1,{reward:string},"{code:int, content:array(com.eyu.mt.module.reward.model.Reward)}",handlers/late.py:655,,服务端已实现,,
MsgReward,159,TEST_REWARD_REPEAT,2,"{num:int, reward:string}","{code:int, content:map(string, object)}",handlers/late.py:662,,服务端已实现,,
MsgSecretshop,57,LOAD_SECRETSHOP,1,{},"{code:int, content:com.eyu.mt.module.secretshop.model.SecretshopVo}",handlers/shops.py:134,,服务端已实现,,
MsgSecretshop,57,REFRESH,2,{},"{code:int, content:com.eyu.mt.module.secretshop.model.RefreshVo}",handlers/shops.py:141,,服务端已实现,,
MsgSecretshop,57,EXCHANGE,3,{position:int},"{code:int, content:com.eyu.mt.module.secretshop.model.ExchangeVo}",handlers/shops.py:149,,服务端已实现,,
MsgSlot,78,LOAD_INFO,1,{},"{code:int, content:com.eyu.mt.module.slot.model.SlotVo}",handlers/activity.py:788,,服务端已实现,,
MsgSlot,78,LOTTERY,2,{currency:bool},"{code:int, content:com.eyu.mt.module.slot.model.LotteryVo}",handlers/activity.py:798,,服务端已实现,,
MsgSms,44,SEND,1,{phone:string},"{code:int, content:int}",handlers/misc.py:261,,服务端已实现,,
MsgSms,44,VERIFY,2,{content:string},"{code:int, content:array(com.eyu.mt.module.reward.model.RewardResult)}",handlers/misc.py:268,,服务端已实现,,
MsgSociality,19,GET_SOCIALITY,1,{},"{code:int, content:com.eyu.mt.module.sociality.model.SocialityVo}",handlers/social.py:65,,服务端已实现,,
MsgSociality,19,APPLY_FRIEND,2,{name:string},"{code:int, content:int}",handlers/social.py:95,,服务端已实现,,
MsgSociality,19,REMOVE_FRIEND,3,{friendId:long},"{code:int, content:int}",handlers/social.py:112,,服务端已实现,,
MsgSociality,19,APPLY_CONFIRM,4,"{allow:bool, friendId:long}","{code:int, content:array(com.eyu.mt.module.sociality.model.FriendVo)}",handlers/social.py:123,,服务端已实现,,
MsgSociality,19,COMMEND_FRIEND,5,{},"{code:int, content:array(com.eyu.mt.module.sociality.model.CommendVo)}",handlers/social.py:76,,服务端已实现,,
MsgSociality,19,BUY_PACK,6,{},"{code:int, content:com.eyu.mt.module.hero.model.BuyPackVo}",handlers/social.py:195,,服务端已实现,,
MsgSociality,19,SEND_POINT,7,{friendId:long},"{code:int, content:int}",handlers/social.py:145,,服务端已实现,,
MsgSociality,19,RECV_POINT,8,{friendId:long},"{code:int, content:array(com.eyu.mt.module.reward.model.RewardResult)}",handlers/social.py:160,,服务端已实现,,
MsgSociality,19,LIST_APPLYS,9,{},"{code:int, content:array(com.eyu.mt.module.sociality.model.FriendVo)}",handlers/social.py:135,,服务端已实现,,
MsgSociality,19,LIST_GIFTS,10,{},"{code:int, content:array(long)}",handlers/social.py:140,,服务端已实现,,
MsgSociality,19,ASK_FOR_POINT,11,{},"{code:int, content:long}",handlers/social.py:176,,服务端已实现,,
MsgSociality,19,COMAND_ASK_FOR_LIST,12,{},"{code:int, content:array(long)}",handlers/social.py:190,,服务端已实现,,
MsgSupergift,67,GET_INFO,1,[int],"{code:int, content:array(com.eyu.mt.module.supergift.model.SuperGiftVo)}",handlers/activity.py:579,,服务端已实现,,
MsgSupergift,67,BUY_GOODS,2,"{goodsId:int, mallId:int}","{code:int, content:com.eyu.mt.module.supergift.model.BuyResult}",handlers/activity.py:588,,服务端已实现,,
MsgSweethouse,79,GET_INFO,1,{},"{code:int, content:com.eyu.mt.module.sweethouse.model.SweetHouseVo}",handlers/shops.py:246,,服务端已实现,,
MsgSweethouse,79,COST_REFRESH,2,{},"{code:int, content:com.eyu.mt.module.sweethouse.model.CostRefreshVo}",handlers/shops.py:253,,服务端已实现,,
MsgSweethouse,79,SWEET_EXCHANGE,3,"{itemId:int, position:int}","{code:int, content:com.eyu.mt.module.sweethouse.model.SweetExchangeVo}",handlers/shops.py:261,,服务端已实现,,
MsgSystem,0,PUSH_SYSTEM_TIME,-1,{},{},,,未实现,,
MsgSystem,0,REQUEST_DESCRIPTION,1,{},"{code:int, content:bytearray}",handlers/account_misc.py:164,,服务端已实现,,
MsgSystem,0,SYSTEM_TIME,2,{},"{code:int, content:date}",handlers/player.py:278,,服务端已实现,,
MsgSystem,0,MD5_DESCRIPTION,3,{},"{code:int, content:string}",handlers/account_misc.py:159,,服务端已实现,,
MsgTalisman,49,LOAD_ALL_HERO_TALISMAN,1,{},"{code:int, content:array(com.eyu.mt.module.talisman.model.HeroTalismanVo)}",handlers/talisman.py:89,,服务端已实现,,
MsgTalisman,49,LOAD_ALL_TALISMAN,2,{},"{code:int, content:array(com.eyu.mt.module.talisman.model.TalismanVo)}",handlers/talisman.py:79,,服务端已实现,,
MsgTalisman,49,EQUIP_TALISMAN,3,"{heroId:long, talismanIds:array(long)}","{code:int, content:array(long)}",handlers/talisman.py:127,,服务端已实现,,
MsgTalisman,49,UNEQUIP_TALISMAN,4,"{heroId:long, talismanIds:array(long)}","{code:int, content:array(long)}",handlers/talisman.py:137,,服务端已实现,,
MsgTalisman,49,EXCHANGE_TALISMAN,5,{id:int},"{code:int, content:com.eyu.mt.module.talisman.model.ExchangeVO}",handlers/talisman.py:238,,服务端已实现,,
MsgTalisman,49,LOAD_TALISMAN,6,{id:long},"{code:int, content:com.eyu.mt.module.talisman.model.TalismanVo}",handlers/talisman.py:84,,服务端已实现,,
MsgTalisman,49,UPGRADE_TALISMAN,7,"{talismanId:long, talismanIds:array(long)}","{code:int, content:com.eyu.mt.module.talisman.model.TalismanVo}",handlers/talisman.py:178,,服务端已实现,,
MsgTalisman,49,GET_FRAGMENT,8,{},"{code:int, content:com.eyu.mt.module.talisman.model.TalismanPackVo}",handlers/talisman.py:231,,服务端已实现,,
MsgTalisman,49,CELL_TALISMAN,9,{talismanIds:array(long)},"{code:int, content:array(com.eyu.mt.module.reward.model.RewardResult)}",handlers/talisman.py:215,,服务端已实现,,
MsgTalisman,49,GET_TALISMAN_TMP_PACK_INFO,10,{},"{code:int, content:com.eyu.mt.module.talisman.model.TalismanTmpPackVo}",handlers/talisman.py:312,,服务端已实现,,
MsgTalisman,49,LOOKFOR,11,{},"{code:int, content:com.eyu.mt.module.talisman.model.LookForResult}",handlers/talisman.py:319,,服务端已实现,,
MsgTalisman,49,AUTO_LOOKFOR,12,{},"{code:int, content:array(com.eyu.mt.module.talisman.model.LookForResult)}",handlers/talisman.py:326,,服务端已实现,,
MsgTalisman,49,RECEIVE,13,{},"{code:int, content:com.eyu.mt.module.talisman.model.ReceiveResult}",handlers/talisman.py:341,,服务端已实现,,
MsgTalisman,49,OPEN_DRAGON_KING,14,{},"{code:int, content:com.eyu.mt.module.talisman.model.OpenDragonKingVo}",handlers/talisman.py:358,,服务端已实现,,
MsgTalisman,49,BUY_TALISMAN_PACK_SPACE,15,{},"{code:int, content:com.eyu.mt.module.talisman.model.BuyTalismanPackSpaceVo}",handlers/talisman.py:269,,服务端已实现,,
MsgTalisman,49,GET_GAINED_REWARDS,16,{},"{code:int, content:map(string, array(string))}",handlers/talisman.py:370,,服务端已实现,,
MsgTalisman,49,GAIN_REWARD,17,"{activityType:string, goalRewardId:string}","{code:int, content:array(com.eyu.mt.module.reward.model.RewardResult)}",handlers/talisman.py:375,,服务端已实现,,
MsgTalisman,49,REPLACE_HERO_TALISMANS,18,"{heroId:long, talismanIds:array(long)}","{code:int, content:array(long)}",handlers/talisman.py:132,,服务端已实现,,
MsgTalisman,49,BUY_TALISMAN_PACK_SPACE_BY_COUPON,19,{},"{code:int, content:com.eyu.mt.module.talisman.model.BuyTalismanPackSpaceVo}",handlers/talisman.py:274,,服务端已实现,,
MsgTalisman,49,CONVERT_TALISMAN,20,"{talismanId:long, talismanIds:array(long)}","{code:int, content:com.eyu.mt.module.talisman.model.TalismanVo}",handlers/talisman.py:199,,服务端已实现,,
MsgTalisman,49,ADVANCE_TALISMAN,21,"{talismanId:long, talismanIds:array(long)}","{code:int, content:com.eyu.mt.module.talisman.model.TalismanVo}",handlers/talisman.py:187,,服务端已实现,,
MsgTalisman,49,ADVANCE_SWALLOW_TALISMAN,22,"{talismanId:long, talismanIds:array(long)}","{code:int, content:com.eyu.mt.module.talisman.model.TalismanVo}",handlers/talisman.py:192,,服务端已实现,,
MsgTarget,28,EXCHANGE,1,{id:int},"{code:int, content:com.eyu.mt.module.cost.model.CostAndReward}",handlers/account_misc.py:103,,服务端已实现,,
MsgTarget,28,GET_PROGRESS,2,{type:string},"{code:int, content:map(string, double)}",handlers/account_misc.py:97,,服务端已实现,,
MsgTask,48,OPEN,1,{},"{code:int, content:com.eyu.mt.module.task.model.OpenVo}",handlers/late.py:295,,服务端已实现,,
MsgTask,48,FREE_REFRESH_ACTIVITY,2,{},"{code:int, content:com.eyu.mt.module.task.model.RefreshActivityVo}",handlers/late.py:313,,服务端已实现,,
MsgTask,48,REFRESH_ACTIVITY,3,{},"{code:int, content:com.eyu.mt.module.task.model.RefreshActivityVo}",handlers/late.py:318,,服务端已实现,,
MsgTask,48,BUY_TASK,4,{},"{code:int, content:com.eyu.mt.module.task.model.BuyTaskVo}",handlers/late.py:391,,服务端已实现,,
MsgTask,48,IMMEDIATELY_COMPLETE_TASK,5,{taskId:int},"{code:int, content:com.eyu.mt.module.task.model.CompleteTaskVo}",handlers/late.py:359,,服务端已实现,,
MsgTask,48,GET_REWARD,6,{taskId:int},"{code:int, content:com.eyu.mt.module.task.model.GetRewardVo}",handlers/late.py:373,,服务端已实现,,
MsgTask,48,ADVANCED_REFRESH_ACTIVITY,7,{},"{code:int, content:com.eyu.mt.module.task.model.RefreshActivityVo}",handlers/late.py:323,,服务端已实现,,
MsgTask,48,PICK_UP_TASK,8,{taskId:int},"{code:int, content:com.eyu.mt.module.task.model.PickUpTaskVo}",handlers/late.py:328,,服务端已实现,,
MsgTask,48,GIVE_UP,9,{taskId:int},"{code:int, content:com.eyu.mt.module.task.model.GiveUpVo}",handlers/late.py:342,,服务端已实现,,
MsgTask,48,CLEAR_COOL_TIME,10,{},"{code:int, content:array(com.eyu.mt.module.cost.model.CostResult)}",handlers/late.py:402,,服务端已实现,,
MsgTencent,68,UPLOAD_API_ARGS,1,"{args:map(string, string)}","{code:int, content:int}",handlers/misc.py:287,,服务端已实现,,
MsgTencent,68,QUERY_BALANCE,2,{},"{code:int, content:com.eyu.mt.module.account.model.WalletVo}",handlers/misc.py:292,,服务端已实现,,
MsgTips,40,PUSH_TIPS,-1,{},{},,,未实现,,
MsgTips,40,GET_OFFLINE,1,{},"{code:int, content:array(com.eyu.mt.module.tips.model.Tips)}",handlers/misc.py:282,,服务端已实现,,
MsgTreasure,14,INFO,1,{},"{code:int, content:com.eyu.mt.module.treasure.model.TreasurePackVo}",handlers/misc.py:39,,服务端已实现,,
MsgTreasure,14,LOOKFOR,2,{},"{code:int, content:com.eyu.mt.module.treasure.model.LookForResult}",handlers/misc.py:45,,服务端已实现,,
MsgTreasure,14,AUTO_LOOKFOR,3,{},"{code:int, content:array(com.eyu.mt.module.treasure.model.LookForResult)}",handlers/misc.py:50,,服务端已实现,,
MsgTreasure,14,RECEIVE,4,{},"{code:int, content:com.eyu.mt.module.treasure.model.ReceiveResult}",handlers/misc.py:64,,服务端已实现,,
MsgTreasureroom,53,LOAD_TREASUREROOM,1,{},"{code:int, content:com.eyu.mt.module.treasureroom.model.TreasureroomVo}",handlers/shops.py:111,,服务端已实现,,
MsgTreasureroom,53,REFRESH,2,{},"{code:int, content:com.eyu.mt.module.treasureroom.model.CostRefreshVo}",handlers/shops.py:118,,服务端已实现,,
MsgTreasureroom,53,EXCHANGE,3,{position:int},"{code:int, content:com.eyu.mt.module.treasureroom.model.ExchangeVo}",handlers/shops.py:125,,服务端已实现,,
MsgTurkey,82,LOAD_TURKEY,1,{},"{code:int, content:com.eyu.mt.module.turkey.model.TurkeyVo}",handlers/activity.py:860,,服务端已实现,,
MsgTurkey,82,BUY_MATERIAL,2,"{count:int, materialType:int}","{code:int, content:com.eyu.mt.module.cost.model.CostAndReward}",handlers/activity.py:865,,服务端已实现,,
MsgTurkey,82,MAKE_TURKEY,3,{count:int},"{code:int, content:com.eyu.mt.module.cost.model.CostAndReward}",handlers/activity.py:889,,服务端已实现,,
MsgTurkey,82,MAKE_TURKEY_BY_CURRENCY,4,{count:int},"{code:int, content:com.eyu.mt.module.cost.model.CostAndReward}",handlers/activity.py:894,,服务端已实现,,
MsgTurkey,82,EAT_TURKEY,5,{count:int},"{code:int, content:com.eyu.mt.module.turkey.model.EatVo}",handlers/activity.py:899,,服务端已实现,,
MsgWorldchat,92,GET_LIST,1,{afterId:int},"{code:int, content:array(com.eyu.mt.module.worldchat.model.WorldChatMessageVo)}",handlers/social.py:228,,服务端已实现,,
MsgWorldchat,92,SEND,2,{content:string},"{code:int, content:com.eyu.mt.module.worldchat.model.WorldChatMessageVo}",handlers/social.py:245,,服务端已实现,,
